"X"	"text"	"coref."	"correction."	"pos."	"X.1"	"trans."	"combo"
"1"	4516	"#RT USER | RT USER: Chelsea Manning is Free! Send her a letter of love and celebration by signing ‚Ä¶ https://t.co/0MYnyc0T65"	1	NA	1	0.313432836	"no"	"she-Chelsea"
"2"	3814	"#RT USER | Sign this note for Chelsea Manning, #CodePink will deliver it to her next week! https://t.co/bhL5CvqYFk #ChelseaFree‚Ä¶"	1	NA	1	NA	"no"	"she-Chelsea"
"3"	7072	"#ThankYouObama for caring about the civil rights of treasonous Chelsea Manning, and not about the people who may have died bc of her actions"	1	NA	-1	NA	"no"	"she-Chelsea"
"4"	7563	" USER Has there been any word when/where Chelsea Manning will be transferred to begin her \"community transition\" process?"	1	NA	0	NA	"no"	"she-Chelsea"
"5"	2973	"USER Chelsea Manning spent 7 years is mostly solitary confinement. He didn't pardon her he shortened her sentence."	1	NA	0	NA	"no"	"she-Chelsea"
"6"	8560	"USER Chelsea Manning became world famous in 2010. Why has this damning story about her 2007 basic training gone untold until now?"	1	NA	0	NA	"no"	"she-Chelsea"
"7"	7905	"USER Chelsea Manning is a hero, and history will remember her as such. Releasing her in May is"	1	NA	1	NA	"no"	"she-Chelsea"
"8"	7521	"USER What Chelsea Manning did was heroic. She exposed unethical actions in government. She is a hero."	1	NA	1	NA	"no"	"she-Chelsea"
"9"	7998	"USER Chelsea Manning can change her name legally but he is still a man"	1	1	0	NA	"yes"	"she-Chelsea"
"10"	1146	"USER Please don't refer to Chelsea Manning as \"him\", she is a \"her\" #tytlive"	1	1	0	NA	"yes"	"she-Chelsea"
"11"	4436	"USER that's what Chelsea Manning leaked to Wikileaks and why she was arrested"	1	NA	0	NA	"no"	"she-Chelsea"
"12"	3104	"USER Another pro: commuting Chelsea Manning's sentence
Another con: the fact she never should have been locked up in the 1st place"	1	NA	1	NA	"no"	"she-Chelsea"
"13"	1282	"USER Chelsea Manning is not silenced. She writes op-eds USERguardian, blogs USERMedium, tweets USERxychelsea, inter‚Ä¶ https://t.co/7mC9xDKF0p"	1	NA	0	NA	"no"	"she-Chelsea"
"14"	9595	"USER I made a gif the other day in honor of Chelsea Manning getting her sentence commuted. I was told I shou‚Ä¶ https://t.co/7lc6jw3LP1"	1	NA	1	NA	"no"	"she-Chelsea"
"15"	8683	"USER Chelsea Manning at the end of 4 months will receive her well-earned Dishonorable Discharge from USERUSArmy‚Ä¶ https://t.co/tmhRfkRLr5"	1	NA	-1	NA	"no"	"she-Chelsea"
"16"	2021	"USERPOTUS and thank you for pardoning Chelsea Manning, I believe she was worthy of this Mr President.  You always did the right thing!"	1	NA	1	NA	"no"	"she-Chelsea"
"17"	8826	"USER chelsea manning is a woman. and no deaths were caused as a result of the intel she leaked"	1	NA	1	NA	"yes"	"she-Chelsea"
"18"	7439	"USER USERrealDonaldTrump   I started thinking about Chelsea Manning &amp; Obama letting her have a sex change in prison another experiment?"	1	NA	0	NA	"yes"	"she-Chelsea"
"19"	6507	"USER In Chelsea Manning's case parole was out of question. She twice committed serious infractions of USDB rules."	1	NA	-1	NA	"no"	"she-Chelsea"
"20"	6431	"USER Tell that to Chelsea Manning's lawyers. They were frantic that Obama's clemency was her last chance, &amp; held out no hope for parole."	1	NA	0	NA	"no"	"she-Chelsea"
"21"	1234	"USER the article about Chelsea Manning why is Obama shortening her sentence? She did leaked classified documents and that's wrong"	1	NA	-1	NA	"no"	"she-Chelsea"
"22"	2424	"USER What is your problem with Chelsea Manning? Don't like being informed about corruption? She fought for your family, show respect."	1	NA	1	NA	"no"	"she-Chelsea"
"23"	7163	"USER And Chelsea Manning was born a woman. It just took her time to realize it. That's how it works. USERFoxNews"	1	NA	1	NA	"yes"	"she-Chelsea"
"24"	8366	"USER It will be interesting to see if Chelsea Manning echoes your anti-Obama invective, which risks making her seem like an ingrate."	1	NA	0	NA	"no"	"she-Chelsea"
"25"	1092	"As a final f**k you to the country, Obama commuted Chelsea  Manning's sentence so she could have a \"chance at a real meaningful life.\""	1	NA	-1	NA	"no"	"she-Chelsea"
"26"	2368	"'Barack Obama will leave Washington having saved Chelsea Manning's life.' he's the one that put her in danger in the first place."	1	NA	1	NA	"no"	"she-Chelsea"
"27"	6872	"BREAKING: President Obama commutes Chelsea Manning's sentence! She will be released from prison in May.‚Ä¶ https://t.co/6WbMnVgB8q by ACLU"	1	NA	0	NA	"no"	"she-Chelsea"
"28"	2374	"bullshit. b u l l s h i t. he's the one that put chelsea manning in a male-only where she was deprived and tortured. https://t.co/ErIkbmiGDd"	1	NA	1	NA	"yes"	"she-Chelsea"
"29"	2531	"Cannot stand seeing centrist liberals act as if they've been championing Chelsea Manning for years. You were calling her a traitor!"	1	NA	1	NA	"no"	"she-Chelsea"
"30"	8178	"Comey should take over Chelsea Manning's current residence as soon as she moves out. https://t.co/TlzrtbttSk"	1	NA	0	NA	"no"	"she-Chelsea"
"31"	1075	"Congrats to our litigator of the week Nancy Hollander, who won Chelsea Manning her freedom https://t.co/cOMTkQcDe0"	1	NA	1	NA	"no"	"she-Chelsea"
"32"	1228	"everyone was also nutting about the fact that he commuted chelsea manning's prison sentence as if he wasn't the one that put her there"	1	NA	1	NA	"no"	"she-Chelsea"
"33"	261	"I applaud Chelsea Manning's sentence being commuted but for Greg Barnes to say all she did was tell the truth is a crap defence..."	1	NA	1	NA	"no"	"she-Chelsea"
"34"	3342	"I fought for Chelsea Manning because she stood up for all trans people | Evan Greer | Opinion | The Guardian https://t.co/wtbSt0pSP0"	1	NA	1	NA	"yes"	"she-Chelsea"
"35"	8504	"I just don't agree on the Chelsea manning case she put our national security at risk leaking those military docs. She needed the max 15."	1	NA	-1	NA	"no"	"she-Chelsea"
"36"	6738	"I mean he condoned the torture of Chelsea Manning and put her in a male prison but hey, thanks https://t.co/74QZoIstFS"	1	NA	1	NA	"yes"	"she-Chelsea"
"37"	8778	"Just saw Chelsea Manning's recent tweet thanking Obama for springing her loose. Considering her charges, how does she have Internet access?"	1	NA	0	NA	"no"	"she-Chelsea"
"38"	1696	"Leading Free Chelsea Manning campaigner reflects on what her release means for democracy https://t.co/CHdJQgS3z4 https://t.co/CgdjdwuuTn"	1	NA	0	NA	"no"	"she-Chelsea"
"39"	1088	"Litigator of the Week: The Lawyer Who Won Chelsea Manning Her Freedom USER https://t.co/tz4Nh0B1qz"	1	NA	0	NA	"no"	"she-Chelsea"
"40"	6226	"Not only did USERPotus commute Chelsea Manning's sentence, he also promised her a new wardrobe and makeover! https://t.co/Ji3qmcBlXh"	1	NA	0	NA	"yes"	"she-Chelsea"
"41"	9546	"Now the question is, if Chelsea Manning wasn't transgender, would O still have commuted her sentence? I think it's a political statement"	1	NA	-1	NA	"yes"	"she-Chelsea"
"42"	2739	"Obama grants Wikileaks whistleblower Chelsea Manning her freedom https://t.co/qmAJMM4nGN https://t.co/Pjf7SYLX5i"	1	NA	0	NA	"no"	"she-Chelsea"
"43"	4908	"Obama isn‚Äôt pardoning Chelsea Manning, which would send a bad message. He‚Äôs just letting her out of prison."	1	NA	0	NA	"no"	"she-Chelsea"
"44"	764	"obama personally freed chelsea manning under the condition that she join her brothers in the NFL"	1	NA	0	NA	"yes"	"she-Chelsea"
"45"	9418	"Obama: Chelsea Manning‚Äôs Leaks Were Commutable But Not If She Hacked the... https://t.co/2djvbY5Qxl via USERYouTube"	1	NA	0	NA	"no"	"she-Chelsea"
"46"	7195	"Obama's decision regarding Chelsea Manning was made out of empathy for Manning and her plight, maybe Obama wants to be a Woman? #MAGA"	1	NA	0	NA	"yes"	"she-Chelsea"
"47"	2191	"oh &amp; sure he commuted chelsea manning's sentence, but don't forget he allowed her to be tortured for months &amp; get placed in a men's prison ‚ú®"	1	NA	1	NA	"yes"	"she-Chelsea"
"48"	6995	"President Obama's Commutation of Chelsea Manning's Sentence Most Likely Saved Her Life https://t.co/iEh0eWiddx via USERaclu"	1	NA	1	NA	"no"	"she-Chelsea"
"49"	5573	"Releasing Chelsea Manning back into the world just as her job becomes automated is actually the perfect way to round out this presidency"	1	NA	0	NA	"no"	"she-Chelsea"
"50"	3858	"RT USER: Can we just appreciate that President Daddy tortured Chelsea Manning &amp; put her in a men's pri‚Ä¶ https://t.co/byp7G4fY48"	1	NA	1	NA	"yes"	"she-Chelsea"
"51"	4204	"Sign this note for Chelsea Manning, #CodePink will deliver it to her next week! https://t.co/IdVfFHgJym #ChelseaFree"	1	NA	1	NA	"no"	"she-Chelsea"
"52"	9766	"Since Chelsea Manning's sentence has been commuted I'm going to ask her to give makeup tips to Ruth Bader Ginsburg; i can't even look at her"	1	NA	0	NA	"yes"	"she-Chelsea"
"53"	5364	"Thank you Pres Obama USERPOTUS for compassion for USERxychelsea Chelsea Manning, putting an end to her cruel and unusual punishment."	1	NA	1	NA	"no"	"she-Chelsea"
"54"	107	"That's the Best Defense? Obama said Chelsea Manning's Sentence was Commuted because She had Suffered Enough‚Ä¶ https://t.co/2MBIgl0xEg"	1	NA	0	NA	"no"	"she-Chelsea"
"55"	8181	"The Army have said Chelsea Manning will lose her military healthcare benefits following President Barack Obama‚Äôs... https://t.co/8mWsWOJkY6"	1	NA	0	NA	"yes"	"she-Chelsea"
"56"	2680	"the boys at my table are talking about chelsea manning and said she should be in jail for life or executed. cool nice. love this school."	1	NA	1	NA	"no"	"she-Chelsea"
"57"	6935	"The treatment of Chelsea Manning is another in Barack Obama's poor legacy on human rights.  She is reported to... https://t.co/jMMKdTxQ6J"	1	NA	1	NA	"yes"	"she-Chelsea"
"58"	1755	"They didn't say Putin manipulated anything did they snowflake!!! Ask Chelsea manning if she knows. She may have tol‚Ä¶ https://t.co/yT6NwcLX58"	1	NA	0	NA	"no"	"she-Chelsea"
"59"	5648	"Think about Obama commuting Chelsea Manning‚Äôs sentence, after she leaked info that embarrassed his administration."	1	NA	0	NA	"no"	"she-Chelsea"
"60"	2033	"This is what mass torturer Obama did to Chelsea Manning, years before he commuted her sentence https://t.co/C8TdfgJU56"	1	NA	1	NA	"no"	"she-Chelsea"
"61"	7603	"This made it sound like I'm defending Chelsea Manning. I'm not. She should be in jail."	1	NA	-1	NA	"no"	"she-Chelsea"
"62"	5903	"Trump is 'troubled' by Chelsea Manning commutation as a JD Sports door slammed shut on her back."	1	NA	0	NA	"no"	"she-Chelsea"
"63"	5201	"Update on my site: USER:

mood: Chelsea manning dotting the I in her signature with a heart https://t.co/CIBYkT0Bs5"	1	NA	1	NA	"no"	"she-Chelsea"
"64"	8764	"Welcome Chelsea Manning‚Äôs Scheduled Release from Prison. Condemn Her Outrageous Seven-Year Imprisonment https://t.co/HVavRYueAR"	1	NA	1	NA	"no"	"she-Chelsea"
"65"	6509	"When Chelsea Manning's parents pick her up after release from prison #BikiniBottomTwitter https://t.co/lpf0KcUGfm"	1	NA	0	NA	"no"	"she-Chelsea"
"66"	1988	"Who is Chelsea Manning? And why did she deserve a last act of kindness from Obama? #ChelseaManning #TIE
https://t.co/dV23jVqE4K"	1	NA	0	NA	"no"	"she-Chelsea"
"67"	1960	"Write to Chelsea Manning I mean, not do my tax return. Her address is here; https://t.co/R4p4ZY2JOZ"	1	NA	1	NA	"no"	"she-Chelsea"
"68"	421	"USER By chance do you know USER?  She deleted her account the day Chelsea Manning got commutation.  Ì†æÌ¥î #ChelseaFree"	0	NA	NA	NA	"no"	"she-Chelsea"
"69"	1504	"USER Time to reveal to the world what her and Chelsea manning have in common"	0	NA	NA	NA	"no"	"she-Chelsea"
"70"	1862	"USER True that. I bet she could be a great whistleblower though. Join the group with Ed Snowden and Chelsea Manning."	0	NA	NA	NA	"no"	"she-Chelsea"
"71"	4265	"Antifascist radfem stumbling over her timeline trying to justify Chelsea Manning's treatment on the basis of cissexism"	0	NA	NA	NA	"yes"	"she-Chelsea"
"72"	9956	"Discredited Former New York Times Reporter Disregards Her Own Record While Smearing Chelsea Manning (from USERUSER) https://t.co/1E43ElaymH"	0	NA	NA	NA	"no"	"she-Chelsea"
"73"	7651	"No One Expected Judge Judy To Rip Obama Over Chelsea Manning -- But She Just Did https://t.co/dQsoqNK3ec"	0	NA	NA	NA	"no"	"she-Chelsea"
"74"	3092	"No pardon for USERHillaryClinton  (yet). I guess Obama really dislikes her more than Chelsea Manning."	0	NA	NA	NA	"no"	"she-Chelsea"
"75"	1160	"USER it's now Chelsea Manning not Bradley Manning, the guy had gender reassignment surgery. So now he is a she"	1	1	0	-0.333333333	"yes"	"he-Chelsea"
"76"	8056	"#ThankYouObama for pardoning Bradley Manning after he became Chelsea Manning. Thx, society really needed that. https://t.co/cvZ1xpDlIT"	1	NA	-1	NA	"yes"	"he-Chelsea"
"77"	7998	"USER Chelsea Manning can change her name legally but he is still a man"	1	NA	0	NA	"yes"	"he-Chelsea"
"78"	2053	"USER Were you as exercised about Scooter Libby as you are about Chelsea Manning? He and Rove outed a current CIA operative. Crickets"	1	NA	0	NA	"no"	"he-Chelsea"
"79"	2509	"USER USERPOTUS and Chelsea Manning did (just 1 example)? Regret for his actions? Thats a major assumption on your part."	1	NA	-1	NA	"no"	"he-Chelsea"
"80"	2031	"USER USERBarackObama OMG! I Didn't know he was going to change into chelsea manning!"	1	NA	0	NA	"yes"	"he-Chelsea"
"81"	2728	"USERtedcruz there should be a petition started 2 overturn Obama's order 2 release Chelsea Manning he committed treason &amp; turned on the military"	1	NA	-1	NA	"no"	"he-Chelsea"
"82"	8358	"USER is his name Chelsea Manning?"	1	NA	0	NA	"no"	"he-Chelsea"
"83"	1227	"As for Brad &amp; Chelsea Manning I submit people WERE killed or harmed by his treason.Miltary is against pardon. Why?:https://t.co/jRRD9kB0UK"	1	NA	-1	NA	"no"	"he-Chelsea"
"84"	7624	"If Chelsea Manning had been caught leaking DNC emails to Assange would Obama have commuted his sentence? Ì†æÌ¥î

(I say no way)"	1	NA	0	NA	"no"	"he-Chelsea"
"85"	7032	"In the 1960's we had the Spencer Davis Group singing \"I'm a Man\" now we get Chelsea Manning wanting to whack his weiner off."	1	NA	-1	NA	"yes"	"he-Chelsea"
"86"	2870	"Let's not kid ourselves if Bradley Manning didnt do the whole Chelsea thing he wouldn't have been commuted.  Obama is a narrative president."	1	NA	-1	NA	"yes"	"he-Chelsea"
"87"	9599	"Ms Reed, Chelsea Manning was not a whistle-blower, he is a TRAITOR!
https://t.co/i6tEAk1ZgL #tcot #pjnet #ccot #hardball #inners #CNN"	1	NA	-1	NA	"no"	"he-Chelsea"
"88"	5712	"Obama sent Chelsea Manning to a Male prison but he is noe getting applauded for pardoning him/her SMH
#freeSnowden"	1	NA	1	NA	"yes"	"he-Chelsea"
"89"	3651	"Oh No. Chelsea Manning is going to lose his transgender health benefits when he is discharged from the Army. Is this fair?"	1	NA	1	NA	"yes"	"he-Chelsea"
"90"	2099	"Wonder if they'd do the same thing to Chelsea Manning if he were trying to get through. https://t.co/rTTY0oI9uB"	1	NA	0	NA	"no"	"he-Chelsea"
"91"	9114	"\"The left needs to stop making this Chelsea Manning issue political\" says Extremely Holding A Fish In His Twitter Avatar Man"	0	NA	NA	NA	"no"	"he-Chelsea"
"92"	6905	"#culture Barack Obama Doesn‚Äôt Get A Pass On His Abuse Of Chelsea Manning https://t.co/0nbdTERUet"	0	NA	NA	NA	"no"	"he-Chelsea"
"93"	2108	"#On his way out, Obama has commuted the rest of Chelsea Manning‚Äôs sentence https://t.co/SK0xRqqbLh https://t.co/CoX78XS553 #NEWS"	0	NA	NA	NA	"no"	"he-Chelsea"
"94"	6956	"#popculture  Barack Obama Doesn‚Äôt Get A Pass On His Abuse Of Chelsea Manning  https://t.co/xqjNpgjPaX"	0	NA	NA	NA	"no"	"he-Chelsea"
"95"	9444	"#TYTLive Trump will take credit for Chelsea Manning. He'll say he would've done it if Obama didn't. Along those lines..."	0	NA	NA	NA	"no"	"he-Chelsea"
"96"	6924	"#usanews Barack Obama Doesn‚Äôt Get A Pass On His Abuse Of Chelsea Manning https://t.co/cQZxs4d4V5"	0	NA	NA	NA	"no"	"he-Chelsea"
"97"	2277	"USER  And you use a picture of Chelsea Manning to express this? The whistleblower he chose to destroy"	0	NA	NA	NA	"no"	"he-Chelsea"
"98"	2973	"USER Chelsea Manning spent 7 years is mostly solitary confinement. He didn't pardon her he shortened her sentence."	0	NA	NA	NA	"no"	"he-Chelsea"
"99"	3503	"USER forgotten what he did to Chelsea Manning?"	0	NA	NA	NA	"no"	"he-Chelsea"
"100"	1145	"USER well like I saw you judge him for what he did with Chelsea manning but in the grand scheme, he had a reason"	0	NA	NA	NA	"no"	"he-Chelsea"
"101"	2417	"USER while he gets lots of peace prizes for releasing chelsea manning and putting a rainbow flag on the white house  Ì†ΩÌ∏çÌ†ΩÌ∏çÌ†ΩÌ∏ç"	0	NA	NA	NA	"yes"	"he-Chelsea"
"102"	8652	"USERs Set him straight on Chelsea Manning."	0	NA	NA	NA	"no"	"he-Chelsea"
"103"	2985	"USER  He leaves behind a weak administration. Letting Chelsea Manning off was the worst ....not a true American."	0	NA	NA	NA	"no"	"he-Chelsea"
"104"	9355	"USER won't dare mention the US war crimes that Chelsea Manning revealed, he plays anti-trans card instead https://t.co/e0YZAA5te0"	0	NA	NA	NA	"yes"	"he-Chelsea"
"105"	2297	"USER His commutation of Chelsea Manning defined Pres Obama as thin-skinned...It was the ultimate F.U. to the right"	0	NA	NA	NA	"no"	"he-Chelsea"
"106"	1388	"USER He calls Bradley Manning Chelsea he is a professional liar"	0	NA	NA	NA	"yes"	"he-Chelsea"
"107"	6063	"USER Maybe he didn't because there is no Bradley Manning in prison. However there is a Chelsea with that last name, maybe her?"	0	NA	NA	NA	"yes"	"he-Chelsea"
"108"	9693	"USER he commuted the sentence of Chelsea Manning because of the LGBT community even though peoples lives were put."	0	NA	NA	NA	"yes"	"he-Chelsea"
"109"	1168	"USER he freed alot of non violent drug offenders and chelsea manning too"	0	NA	NA	NA	"no"	"he-Chelsea"
"110"	5665	"USER I agree w/ President Obama  on most issues but I don't think he should've commuted Chelsea Manning's sentence, poor precedent."	0	NA	NA	NA	"no"	"he-Chelsea"
"111"	1375	"POTUS44 USER so does he know more than the generals? With Chelsea manning..."	0	NA	NA	NA	"no"	"he-Chelsea"
"112"	7031	"USER Chelsea Bradley Manning thanks him too.. Breathtaking hypocrisy."	0	NA	NA	NA	"yes"	"he-Chelsea"
"113"	972	"USER , Maybe he was dressing Chelsea manning instead.https://t.co/BRiOZQt97I"	0	NA	NA	NA	"yes"	"he-Chelsea"
"114"	5896	"USER NEVER again. Good riddance to bad rubbish that is Obama his granting clemency to Private Chelsea Manning long overdue"	0	NA	NA	NA	"no"	"he-Chelsea"
"115"	9493	"USER he also freed Chelsea Manning Ì†ΩÌ∏µÌ†ΩÌ∏µÌ†ΩÌ∏µ"	0	NA	NA	NA	"no"	"he-Chelsea"
"116"	3339	"USER USERrealDonaldTrump He might have kept the WH clean, but his legacy is smeared with dirt...please see Chelsea Manning."	0	NA	NA	NA	"no"	"he-Chelsea"
"117"	7123	"USER USER I wouldn't be surprised! He let Chelsea Manning off, Snowden too maybe? He better not, that would be awful!"	0	NA	NA	NA	"no"	"he-Chelsea"
"118"	2373	"USER USER though he did pardon Chelsea manning"	0	NA	NA	NA	"no"	"he-Chelsea"
"119"	6165	"USER I can't wait because Obama will be marching with his new woman Chelsea Manning https://t.co/C8ieo02U48"	0	NA	NA	NA	"yes"	"he-Chelsea"
"120"	1058	"USER In granting clemency to Chelsea Manning, President Obama continued his record of advocating on behalf of all prisoners and settin‚Ä¶"	0	NA	NA	NA	"no"	"he-Chelsea"
"121"	8569	"‚ñ∫ VIDEO: Barack Obama explains why he commuted the sentence of Chelsea Manning https://t.co/I8aXVd0ePp https://t.co/PeRMctziRU"	0	NA	NA	NA	"no"	"he-Chelsea"
"122"	5741	"As soon as Mike Pence found out that Obama was commuting the sentence of Chelsea Manning, he took INSTANT action.... https://t.co/KDZuu7OSJn"	0	NA	NA	NA	"no"	"he-Chelsea"
"123"	9666	"Assange said will stand by his promise to b extradited to US after Chelsea Manning‚Äôs commutation,while promising a big publishing year ahead"	0	NA	NA	NA	"no"	"he-Chelsea"
"124"	1528	"Chuck will talk with USER about his USER piece \"On Chelsea Manning's Freedom\" https://t.co/BUJueb4qrV"	0	NA	NA	NA	"no"	"he-Chelsea"
"125"	9066	"Commutation is forgiveness. Obama forgave Chelsea Manning, in his capacity as head of state. That is a good thing. https://t.co/Id8gOyZ6yB"	0	NA	NA	NA	"no"	"he-Chelsea"
"126"	5951	"Do we need any more proof this prick never cared how far out Chelsea Manning was left to dry? He totally thought O‚Ä¶ https://t.co/TFIG919KEp"	0	NA	NA	NA	"no"	"he-Chelsea"
"127"	805	"do you love the fact that he freed chelsea manning more than the fact that he imprisoned her?"	0	NA	NA	NA	"no"	"he-Chelsea"
"128"	1228	"everyone was also nutting about the fact that he commuted chelsea manning's prison sentence as if he wasn't the one that put her there"	0	NA	NA	NA	"no"	"he-Chelsea"
"129"	8860	"For instance, on his final day, Obama reduced Chelsea Manning's sentence to something like just 5 years"	0	NA	NA	NA	"no"	"he-Chelsea"
"130"	2081	"Freeing Chelsea Manning: In one of his final decisions in office this week, President Barack Obama commuted the‚Ä¶ https://t.co/gJSWvOF6gp"	0	NA	NA	NA	"no"	"he-Chelsea"
"131"	6462	"From Chelsea Manning to Lopez Rivera If Obama has decided to commute everyone then why has he left Edward Snowden?
https://t.co/z9RahQUgLM"	0	NA	NA	NA	"no"	"he-Chelsea"
"132"	5589	"He did promise he would - Wikileaks boss Julian Assange agrees to go to the US as Chelsea Manning sentence commuted https://t.co/DY5VikFD63"	0	NA	NA	NA	"no"	"he-Chelsea"
"133"	8393	"Hey USERpotus Give Blago back his hair dye. You pardoned Chelsea Manning,  #RobBlagojevich will return your street cre‚Ä¶ https://t.co/kMxkEdHcfq"	0	NA	NA	NA	"no"	"he-Chelsea"
"134"	1110	"https://t.co/HEfFnF3vUQ
Obama thinks
that allowing Chelsea Manning
to adopt a Syrian orphan
finally fulfills his promise of transparency."	0	NA	NA	NA	"no"	"he-Chelsea"
"135"	6738	"I mean he condoned the torture of Chelsea Manning and put her in a male prison but hey, thanks https://t.co/74QZoIstFS"	0	NA	NA	NA	"yes"	"he-Chelsea"
"136"	1549	"I'm pissed AF that USERBarackObama didn't pardon #MarcusGarvey but he commuted Chelsea Manning who committed espionage! Damn bruh!"	0	NA	NA	NA	"no"	"he-Chelsea"
"137"	3406	"It took the man the last days of his presidency to pardon Chelsea Manning, but still refuses to pardon Edward Snowden &amp; Leonard Peltier."	0	NA	NA	NA	"no"	"he-Chelsea"
"138"	7410	"Jesse Lee Peterson: Obama Commuted Chelsea Manning‚Äôs Sentence Because He Has A Weakness For Gay &amp; Trans People #RWW https://t.co/pKgewIMKeN"	0	NA	NA	NA	"yes"	"he-Chelsea"
"139"	2434	"Julian Assange confirms he will go to the US following Chelsea Manning's release #London #PR #News https://t.co/Q5HBvvmXdc"	0	NA	NA	NA	"no"	"he-Chelsea"
"140"	3724	"Julian Assange of Wikileaks stands by his decision to face trial now that Chelsea Manning is being released https://t.co/gMFXsyB5QD"	0	NA	NA	NA	"no"	"he-Chelsea"
"141"	7321	"Julian Assange said he'd accept extradition to the US if Chelsea Manning were set free. He says he'll stand by word‚Ä¶ https://t.co/0a4kV0IhHv"	0	NA	NA	NA	"no"	"he-Chelsea"
"142"	2346	"Julian Assange stands by his decision to face trial now that Chelsea Manning is being released https://t.co/e4UYaMA357 #Wikileaks #G"	0	NA	NA	NA	"no"	"he-Chelsea"
"143"	6226	"Not only did USERPotus commute Chelsea Manning's sentence, he also promised her a new wardrobe and makeover! https://t.co/Ji3qmcBlXh"	0	NA	NA	NA	"yes"	"he-Chelsea"
"144"	2673	"NOW on KNF: Fmr Director of the CIA &amp; NSA - General Michael Hayden!  Watch live on https://t.co/oPNnBtCGOs will ask him abt Chelsea Manning"	0	NA	NA	NA	"no"	"he-Chelsea"
"145"	7438	"Obama can free Chelsea Manning, but what the hell has he done for Ke$ha"	0	NA	NA	NA	"no"	"he-Chelsea"
"146"	6074	"Obama commuting Chelsea Manning just shows he's weak and only wants to line his pockets"	0	NA	NA	NA	"no"	"he-Chelsea"
"147"	2972	"Obama Explains Why He Commuted the Sentence of Chelsea Manning https://t.co/v6dM86F3NH USERWISEUpAction"	0	NA	NA	NA	"no"	"he-Chelsea"
"148"	2070	"Obama is a good guy, good work, but feel he gets more credit than he should. Extremely upset he pardon Chelsea manning."	0	NA	NA	NA	"no"	"he-Chelsea"
"149"	6746	"Obama is ending his ridiculous presidency with another ridiculous executive order, commuting the sentence of Chelsea Manning."	0	NA	NA	NA	"no"	"he-Chelsea"
"150"	7205	"Obama just had to fuck America over ONEEEE MORE TIME before he left, fuck you and Chelsea Manning"	0	NA	NA	NA	"no"	"he-Chelsea"
"151"	2127	"Obama making ransom deals again. Wonder why he pardoned Chelsea Manning? He made a deal......
https://t.co/idHLgcThpR"	0	NA	NA	NA	"no"	"he-Chelsea"
"152"	1562	"Obama missed his chance to pardon El Chapo. I mean he pardoned traitors like Chelsea Manning. https://t.co/iIbUKNKLit"	0	NA	NA	NA	"no"	"he-Chelsea"
"153"	3411	"Obama over ruled his secretary of defense to commute the sentence of former army soldier Chelsea Manning"	0	NA	NA	NA	"no"	"he-Chelsea"
"154"	2574	"Obama‚Äôs revealing final acts: His pardon of Chelsea Manning and anti-Israel UN action speaks volumes https://t.co/Yi7uebbWcE"	0	NA	NA	NA	"no"	"he-Chelsea"
"155"	2191	"oh &amp; sure he commuted chelsea manning's sentence, but don't forget he allowed her to be tortured for months &amp; get placed in a men's prison ‚ú®"	0	NA	NA	NA	"yes"	"he-Chelsea"
"156"	2146	"On his way out, Obama has commuted the rest of Chelsea Manning‚Äôs sentence https://t.co/MWC9bvmpzK https://t.co/6oS1luZHvo"	0	NA	NA	NA	"no"	"he-Chelsea"
"157"	6042	"PARIS: J. Assange retreated from his pledge to accept extradition to the US if Chelsea Manning was granted clemency https://t.co/oM6PAQxj1y"	0	NA	NA	NA	"no"	"he-Chelsea"
"158"	5242	"Pentagon chief says he opposed cutting Chelsea Manning's prison term USER 
‚û°Ô∏è https://t.co/vnQZDthLLs https://t.co/cxbOlkrEEn"	0	NA	NA	NA	"no"	"he-Chelsea"
"159"	34	"President Obama commuted Chelsea Manning‚Äôs sentence over the objection of his military leaders, according to news reports.

Both Fox News a‚Ä¶"	0	NA	NA	NA	"no"	"he-Chelsea"
"160"	6846	"Ron Paul gets better with age. he even uses Chelsea Manning's correct pronouns

https://t.co/dbaloI8YNB"	0	NA	NA	NA	"yes"	"he-Chelsea"
"161"	7856	"Sean hannity has to simultaneously explain why he think Chelsea manning is bad but Julian Assange is cool lol"	0	NA	NA	NA	"no"	"he-Chelsea"
"162"	9995	"The first thing that Trump should do in his first 100 days is to put Chelsea Manning back in prison.  #First100Days #FoxNews"	0	NA	NA	NA	"no"	"he-Chelsea"
"163"	9510	"The lesson of the Chelsea Manning commutation: You can embarrass Obama‚Äôs country, but not his party https://t.co/SNoeGpPIIy"	0	NA	NA	NA	"no"	"he-Chelsea"
"164"	5648	"Think about Obama commuting Chelsea Manning‚Äôs sentence, after she leaked info that embarrassed his administration."	0	NA	NA	NA	"no"	"he-Chelsea"
"165"	2033	"This is what mass torturer Obama did to Chelsea Manning, years before he commuted her sentence https://t.co/C8TdfgJU56"	0	NA	NA	NA	"no"	"he-Chelsea"
"166"	3086	"To get on Obama's list for clemency you have to have REALLY damaged our country. Chelsea Manning, his Buds in GITMO, etc. Is Hillary next?"	0	NA	NA	NA	"no"	"he-Chelsea"
"167"	2853	"Twitter pulls Sky journo Adam Boulton's leg as he confuses spy Chelsea Manning with Bradley Wiggins:‚Ä¶ https://t.co/DmEYjgGAXu"	0	NA	NA	NA	"yes"	"he-Chelsea"
"168"	7820	"WASHINGTON: WikiLeaks founder Julian Assange says he'll stand by his offer to be extradited to US as long as Chelsea Manning is released."	0	NA	NA	NA	"no"	"he-Chelsea"
"169"	3705	"we just gonna forget he locked up Chelsea Manning in a men's prison for 7 years and tortured her"	0	NA	NA	NA	"yes"	"he-Chelsea"
"170"	9975	"WIKILEAKS founder Julian Assange has stood by his offer to go to the US now Chelsea Manning is being released. ...‚Ä¶ https://t.co/ga4N3N4UXD"	0	NA	NA	NA	"no"	"he-Chelsea"
"171"	4543	"WikiLeaks founder Julian Assange retreated from his pledge to accept extradition to the U.S. if Chelsea Manning was granted clemency"	0	NA	NA	NA	"no"	"he-Chelsea"
"172"	2997	"With Chelsea Manning's Commuted Sentence, Will Assange Keep His Word? - IVN.us https://t.co/WAiMsSibn0"	0	NA	NA	NA	"no"	"he-Chelsea"
"173"	3802	" USER USER Please stop calling him Chelsea...traitor's name is Bradley Manning...just 'cause he wears a wig doesn't make him a girl"	1	1	-1	NA	"yes"	"he-Bradley"
"174"	2308	"USER USER USER come on tell the truth it's Bradley Manning, will always be Bradley Manning.The worthless turd that he is"	1	1	-1	NA	"yes"	"he-Bradley"
"175"	3230	" USER USER Bradley Manning is NOT a \"her\". Don't believe me? Check his DNA. It's right there in \"X &amp; Y\". #StillADude #MAGA #Trump2020"	1	1	-1	NA	"yes"	"he-Bradley"
"176"	745	" USER USER No. I didn't mispell anything. Bradley Manning is a HE, regardless of if he likes it or not."	1	1	-1	NA	"yes"	"he-Bradley"
"177"	1160	"USER it's now Chelsea Manning not Bradley Manning, the guy had gender reassignment surgery. So now he is a she"	1	1	0	NA	"yes"	"he-Bradley"
"178"	8906	"#Nobama strikes...1st he pardons that GUY &amp; #Traitor  #NoMorePrivateParts Bradley Manning. El Chapo in USA, he will prob pardon him too..."	0	1	NA	NA	"yes"	"he-Bradley"
"179"	6063	"USERmkmagicannon Maybe he didn't because there is no Bradley Manning in prison. However there is a Chelsea with that last name, maybe her?"	0	1	NA	NA	"yes"	"he-Bradley"
"180"	8056	"#ThankYouObama for pardoning Bradley Manning after he became Chelsea Manning. Thx, society really needed that. https://t.co/cvZ1xpDlIT"	1	NA	0	-0.666666667	"yes"	"he-Bradley"
"181"	4891	"USER USER Bradley Manning is a traitor &amp; he should not be commuted for his treachery because he clai‚Ä¶ https://t.co/8NTOL9r6cr"	1	NA	-1	NA	"no"	"he-Bradley"
"182"	3959	"USER USER Bradley Manning to start GoFundMe campaign to cut his dick off"	1	NA	-1	NA	"yes"	"he-Bradley"
"183"	8474	"USERrealdonaldtrump just a thought. why don't you send Bradley manning to the worst FEMA!e prison in the US for the rest of his term?"	1	NA	-1	NA	"yes"	"he-Bradley"
"184"	5354	"USER USER Twisted is how I would call Bradley Manning and his supporters. BTW, how do *you* define a woman"	1	NA	-1	NA	"yes"	"he-Bradley"
"185"	6245	"Called it! LMAO! &gt; Tranny Traitor Bradley Manning Just Received WORST News Of His Life Hours After Being Pardoned - https://t.co/FRQZv1Y334"	1	NA	-1	NA	"yes"	"he-Bradley"
"186"	3592	"Can this Bradley Manning commutation by Obama be reversed?  R there other charges he can face?  This is a HUGE miscarriage of #justice!"	1	NA	-1	NA	"no"	"he-Bradley"
"187"	2560	"Ever think that Bradley Manning might have done it so he could get free reassignment into Chelsea?"	1	NA	-1	NA	"yes"	"he-Bradley"
"188"	8803	"He gotta keep Bradley Manning locked up though. Over 750,000 documents/files? Naw, keep his ass in jail."	1	NA	-1	NA	"no"	"he-Bradley"
"189"	2960	"I wonder if Bradley had self ID'd as a white man wld his sentnce be commutd?  Bet not!
https://t.co/AiRTcFIffb"	1	NA	-1	NA	"yes"	"he-Bradley"
"190"	8095	"Just in case no one has figured this out, Bradley Manning was tortured into becoming something he wasn't.."	1	NA	1	NA	"yes"	"he-Bradley"
"191"	3318	"Just reported: Bradley Manning lost his health insurance b/c of his DISHONORABLE DISCHARGE
So now he has to pay for‚Ä¶ https://t.co/qERTW83dch"	1	NA	0	NA	"yes"	"he-Bradley"
"192"	2870	"Let's not kid ourselves if Bradley Manning didnt do the whole Chelsea thing he wouldn't have been commuted.  Obama is a narrative president."	1	NA	-1	NA	"yes"	"he-Bradley"
"193"	2917	"Sources confirm that Bill Mitchell's only problem with the Bradley Manning is he wouldn't take his suggestion for a surgeon."	1	NA	0	NA	"yes"	"he-Bradley"
"194"	9557	"Tranny Traitor Bradley Manning Just Received WORST News Of His Life Hours After Being Pardoned HA HA the traitor has to pay for perversion"	1	NA	-1	NA	"yes"	"he-Bradley"
"195"	5622	"USER Nope. Obama is a war criminal -- based on his actions outside the Constitution.  And Bradley Manning is a traitor."	0	NA	NA	NA	"no"	"he-Bradley"
"196"	2910	"USER \"maybe he should bring the traitor who compromised agents Bradley Manning USERBarackObama is realeasing https://t.co/MtFW7OPCvF"	0	NA	NA	NA	"no"	"he-Bradley"
"197"	8172	"USER I guess u want him to dance with Bradley Manning, no, USERrealDonaldTrump better not.  Your spin is sick"	0	NA	NA	NA	"no"	"he-Bradley"
"198"	8497	"USER USER well I don't know who owns him but if POTUS commuted old Bradley Manning on a chance Assange would come in he's stupid!"	0	NA	NA	NA	"no"	"he-Bradley"
"199"	1388	"USER USER He calls Bradley Manning Chelsea he is a professional liar"	0	NA	NA	NA	"yes"	"he-Bradley"
"200"	7031	"USER Chelsea Bradley Manning thanks him too.. Breathtaking hypocrisy."	0	NA	NA	NA	"yes"	"he-Bradley"
"201"	8374	"USER The fact that he commuted traitor Bradley (Chelsea) Manning's sentence speaks volumes about Obama's character or lack of."	0	NA	NA	NA	"no"	"he-Bradley"
"202"	3612	"USER If only we could trade him for Pvt Bradley Manning"	0	NA	NA	NA	"no"	"he-Bradley"
"203"	4316	"USER USER  it's O-ver ! Obama and his Bradley manning 'wife' evicted!  Hillary wandering the woods in NY..   MAGA !"	0	NA	NA	NA	"yes"	"he-Bradley"
"204"	5487	"America how does your 2 term Anti-American President Obama showing his true colors with Bradley Manning &amp; Oscar Lopez-Rivera DISGRACEFUL"	0	NA	NA	NA	"no"	"he-Bradley"
"205"	8976	"EVEN JUDGE JUDY thinks obama's  pardon of Bradley Manning was not wise judgement GO Figure she has more respect for the public than he does"	0	NA	NA	NA	"no"	"he-Bradley"
"206"	2147	"I thought today would be bitter sweet, but the good feelings I had left for Obama disappeared when he released that fuck Bradley Manning"	0	NA	NA	NA	"no"	"he-Bradley"
"207"	8220	"The idea that Obama released Bradley  Manning is proof of his insanity"	0	NA	NA	NA	"no"	"he-Bradley"
"208"	2853	"Twitter pulls Sky journo Adam Boulton's leg as he confuses spy Chelsea Manning with Bradley Wiggins:‚Ä¶ https://t.co/DmEYjgGAXu"	0	NA	NA	NA	"no"	"he-Bradley"
"209"	1213	"We need to talk at paul rayns phone until his eyes pop out its funny, hes up tite about bradley manning, think about the things he does! !"	0	NA	NA	NA	"no"	"he-Bradley"
